Date,Text,Link(s),Media URL(s),Title,Label(s),Alt text(s),Comment(s),"Pin board, FB album, or Google category",Post subtype,CTA,Reminder
06/12/2026 10:00,"You're not stuck because your habits are weak. You're stuck because they're disconnected.

Most people build habits in isolation. Meditation, reading, exercise — separate tracks. But a system that moves you forward? That's when habits become parts of the same loop.

A well-built engine requires less discipline, not more. The architecture does the work. Meditation sharpens your thinking for deep work. Work validates the morning routine. Reflection shows what's connected.

Here's what changes: you stop asking 'Did I do it?' and start asking 'Did this feed my bigger goal?' That question rewires everything.

The hard part isn't execution. It's the thinking — figuring out which pieces matter to your life, not what the internet says. Once you build that architecture, momentum does the rest.

Slides:
  1. The Gap Between Routine and Engine
  2. Three Categories: Foundation, Work, Reflection
  3. How Habits Amplify Each Other
  4. Intention Linking: Making the Connections Visible
  5. Feedback Loops: The Maintenance Schedule
  6. Iteration Over Perfection
  7. When Architecture Replaces Discipline

#HabitsSystem #Momentum #PersonalGrowth #SystemsThinking #GoalsOriented",,,Instagram + Facebook,2026-05-21_life_self_dev_how-i-turned-my-habits-into-an-engine-to-get-me-to-my-goals,,,,,,
06/10/2026 18:00,"Safe or alive? Choose both.

Everyone says find someone who makes you feel safe. Or alive. They're wrong.

The real love? The person who does both. Your nervous system relaxes while your presence expands. You stop performing and start belonging.

It's the moment you imagine them with your mama. Sitting in the warmth and darkness. Being fully themselves in your world. And you watching it all happen.

That's when you melt. Out of sheer love and the relief of finally being whole.

Slides:
  1. Safe or Alive?
  2. The Specificity of Real Love
  3. Integration Over Choice
  4. Belong Everywhere
  5. Both at Once

#LovePoetry #RelationshipGoals #Poetry #IntimateGrowth #BeingWhole",,,Instagram + Facebook,2026-05-21_poetry_quotes_when-dreams-speak-of-love,,,,reel,,
06/10/2026 18:00,"Break a bone and people sign your cast. Admit you're drowning — and the room goes quiet.

We inherited a definition of strength that was broken from the start.

Not cruel. Just wrong. And the people who passed it down paid for it too.

40% of men won't talk about their mental health to anyone. Globally, men die by suicide at significantly higher rates than women.

That's the cost of silence passed down as virtue.

Strength built on suppression shatters. Strength built on honesty bends.

Vulnerability isn't the opposite of strength. It's proof of it.

Slide through — and share with someone who might need this today.

Slides:
  1. The strength we inherited is broken
  2. The invisible cost of 'I'm fine'
  3. We'll admit a sprained ankle before we admit we're drowning
  4. The therapy misconception quietly destroying people
  5. Same logic. Completely different social response.
  6. What breaking the silence actually looks like
  7. Vulnerability isn't weakness — it's proof of strength
  8. The wall cracks one conversation at a time

#MentalHealth #MensHealth #SelfDevelopment #Therapy #BreakTheStigma",,,Instagram + Facebook,2026-05-26_life_self_dev_mental-health-openness-and-breaking-stigmas,,,,,,
06/12/2026 10:00,"Some people just become part of your physics.

There's a hangover that has nothing to do with alcohol.

It's the one that stays. The one that doesn't schedule a checkout time.

Moth to flame. Waves to shore. Cold to winter. Rainbow after rain.

Some things don't choose. They just pull.

This poem is about that moment — when the mind and heart stop working in sync and you're left without a ground to stand on or a sky to cover your head with.

Not a problem to solve. The experience itself.

Full poem in bio.

Slides:
  1. Some people become part of your physics
  2. The hangover that won't lift

#poetry #love #heartfelt #poetrycommunity #breathofpoetry",,,Instagram + Facebook,2026-05-27_poetry_quotes_intoxicated-senses,,,,reel,,
06/12/2026 10:00,"You're not tired from doing too much. You're tired from holding too much.

There's a version of you most people will never meet.

The one replaying that conversation at 2 a.m. The one who said 'I'm fine' so many times it became a place you live.

We talk about burnout. About overwork. But almost nobody talks about the exhaustion that comes from carrying things nobody can see.

This carousel is about that weight — the cognitive cost, the relational cost, and the one thing that has to happen before anything else can change.

It's not a framework. It's an honest question.

Save this if something in it landed. Sometimes you need to read it twice.

Slides:
  1. You're not tired from doing too much
  2. The cognitive tax nobody tracks
  3. What it looks like in real life
  4. It doesn't stay invisible
  5. Why we keep carrying
  6. What putting it down actually looks like
  7. Stop calling it nothing

#MentalHealth #EmotionalLoad #SelfDevelopment #InvisibleBurdens #BreathOfLife",,,Instagram + Facebook,2026-06-01_life_self_dev_the-cost-of-carrying-things-nobody-sees,,,,,,
06/10/2026 18:00,"The world says it wants authenticity. Watch what it does to the people who actually show up that way.

I wrote this from a quiet place.

Not rage. Clarity.

The good ones aren't naive — they just refuse to trade their interior for applause.

And the world has found a thousand polished ways to punish that.

This poem is for anyone who's felt worn down by the performance.

Full piece in bio.

Slides:
  1. The Good Ones
  2. Only to Make Themselves Happy

#poetry #authenticity #selfdevelopment #poetrycommunity #breathofpoetry",,,Instagram + Facebook,2026-06-01_poetry_quotes_looking-at-the-world-through-a-reflective-lens,,,,reel,,
